transaction_id,status,reconciled_date
1,unreconciled,
2,unreconciled,
3,unreconciled,
4,unreconciled,
5,reconciled,
6,unreconciled,
7,reconciled,
8,reconciled,
9,unreconciled,
10,unreconciled,
11,reconciled,
12,reconciled,
13,reconciled,
14,reconciled,
15,reconciled,
16,reconciled,
17,reconciled,
18,reconciled,
19,unreconciled,
20,reconciled,
21,unreconciled,
22,reconciled,
23,reconciled,
24,reconciled,
25,reconciled,
26,unreconciled,
27,reconciled,
28,reconciled,
29,unreconciled,
30,unreconciled,
31,reconciled,
32,reconciled,
33,reconciled,
34,reconciled,
35,reconciled,
36,reconciled,
37,unreconciled,
38,reconciled,
39,reconciled,
40,reconciled,
41,unreconciled,
42,reconciled,
43,unreconciled,
44,unreconciled,
45,reconciled,
46,reconciled,
47,reconciled,
48,reconciled,
49,unreconciled,
50,reconciled,
51,unreconciled,
52,reconciled,
53,reconciled,
54,reconciled,
55,reconciled,
56,reconciled,
57,reconciled,
58,reconciled,
59,reconciled,
60,reconciled,
61,unreconciled,
62,reconciled,
63,reconciled,
64,reconciled,
65,reconciled,
66,reconciled,
67,reconciled,
68,unreconciled,
69,reconciled,
70,reconciled,
71,reconciled,
72,reconciled,
73,reconciled,
74,reconciled,
75,reconciled,
76,reconciled,
77,unreconciled,
78,reconciled,
79,unreconciled,
80,reconciled,
81,reconciled,
82,unreconciled,
83,reconciled,
84,unreconciled,
85,reconciled,
86,reconciled,
87,unreconciled,
88,reconciled,
89,reconciled,
90,reconciled,
91,reconciled,
92,unreconciled,
93,reconciled,
94,reconciled,
95,unreconciled,
96,reconciled,
97,reconciled,
98,reconciled,
99,reconciled,
100,reconciled,
101,reconciled,
102,reconciled,
103,reconciled,
104,reconciled,
105,unreconciled,
106,reconciled,
107,reconciled,
108,unreconciled,
109,reconciled,
110,reconciled,
111,reconciled,
112,reconciled,
113,unreconciled,
114,unreconciled,
115,reconciled,
116,reconciled,
117,reconciled,
118,reconciled,
119,reconciled,
120,reconciled,
121,reconciled,
122,reconciled,
123,reconciled,
124,reconciled,
125,reconciled,
126,reconciled,
127,unreconciled,
128,reconciled,
129,unreconciled,
130,reconciled,
131,unreconciled,
132,reconciled,
133,reconciled,
134,reconciled,
135,reconciled,
136,reconciled,
137,reconciled,
138,unreconciled,
139,reconciled,
140,reconciled,
141,reconciled,
142,reconciled,
143,reconciled,
144,reconciled,
145,reconciled,
146,unreconciled,
147,unreconciled,
148,reconciled,
149,reconciled,
150,unreconciled,
151,unreconciled,
152,reconciled,
153,unreconciled,
154,unreconciled,
155,unreconciled,
156,reconciled,
157,reconciled,
158,reconciled,
159,reconciled,
160,reconciled,
161,reconciled,
162,reconciled,
163,reconciled,
164,unreconciled,
165,reconciled,
166,reconciled,
167,unreconciled,
168,unreconciled,
169,unreconciled,
170,unreconciled,
171,unreconciled,
172,reconciled,
173,reconciled,
174,reconciled,
175,reconciled,
176,unreconciled,
177,reconciled,
178,reconciled,
179,reconciled,
180,reconciled,
181,reconciled,
182,reconciled,
183,unreconciled,
184,reconciled,
185,unreconciled,
186,reconciled,
187,reconciled,
188,reconciled,
189,unreconciled,
190,reconciled,
191,unreconciled,
192,reconciled,
193,reconciled,
194,unreconciled,
195,reconciled,
196,reconciled,
197,unreconciled,
198,reconciled,
199,reconciled,
200,reconciled,
201,reconciled,
202,unreconciled,
203,unreconciled,
204,reconciled,
205,unreconciled,
206,reconciled,
207,reconciled,
208,reconciled,
209,unreconciled,
210,reconciled,
211,reconciled,
212,reconciled,
213,unreconciled,
214,reconciled,
215,reconciled,
216,reconciled,
217,reconciled,
218,reconciled,
219,reconciled,
220,reconciled,
221,reconciled,
222,unreconciled,
223,reconciled,
224,reconciled,
225,unreconciled,
226,reconciled,
227,reconciled,
228,unreconciled,
229,reconciled,
230,reconciled,
231,unreconciled,
232,reconciled,
233,reconciled,
234,reconciled,
235,reconciled,
236,reconciled,
237,reconciled,
238,unreconciled,
239,unreconciled,
240,unreconciled,
241,reconciled,
242,reconciled,
243,reconciled,
244,reconciled,
245,unreconciled,
246,reconciled,
247,reconciled,
248,unreconciled,
249,reconciled,
250,reconciled,
251,reconciled,
252,reconciled,
253,unreconciled,
254,reconciled,
255,unreconciled,
256,unreconciled,
257,unreconciled,
258,reconciled,
259,reconciled,
260,unreconciled,
261,reconciled,
262,reconciled,
263,unreconciled,
264,reconciled,
265,unreconciled,
266,unreconciled,
267,reconciled,
268,reconciled,
269,unreconciled,
270,reconciled,
271,reconciled,
272,unreconciled,
273,reconciled,
274,reconciled,
275,reconciled,
276,reconciled,
277,reconciled,
278,reconciled,
279,reconciled,
280,reconciled,
281,unreconciled,
282,unreconciled,
283,reconciled,
284,reconciled,
285,reconciled,
286,reconciled,
287,reconciled,
288,unreconciled,
289,unreconciled,
290,reconciled,
291,unreconciled,
292,unreconciled,
293,reconciled,
294,reconciled,
295,reconciled,
296,unreconciled,
297,reconciled,
298,reconciled,
299,unreconciled,
300,reconciled,
301,unreconciled,
302,reconciled,
303,unreconciled,
304,unreconciled,
305,reconciled,
306,unreconciled,
307,reconciled,
308,reconciled,
309,reconciled,
310,unreconciled,
311,reconciled,
312,reconciled,
313,reconciled,
314,reconciled,
315,reconciled,
316,reconciled,
317,reconciled,
318,unreconciled,
319,reconciled,
320,reconciled,
321,unreconciled,
322,reconciled,
323,reconciled,
324,reconciled,
325,unreconciled,
326,reconciled,
327,unreconciled,
328,reconciled,
329,reconciled,
330,unreconciled,
331,reconciled,
332,reconciled,
333,reconciled,
334,unreconciled,
335,reconciled,
336,reconciled,
337,reconciled,
338,reconciled,
339,reconciled,
340,reconciled,
341,reconciled,
342,reconciled,
343,unreconciled,
344,unreconciled,
345,reconciled,
346,reconciled,
347,reconciled,
348,unreconciled,
349,unreconciled,
350,unreconciled,
351,reconciled,
352,reconciled,
353,reconciled,
354,reconciled,
355,reconciled,
356,reconciled,
357,unreconciled,
358,reconciled,
359,reconciled,
360,unreconciled,
361,reconciled,
362,unreconciled,
363,reconciled,
364,unreconciled,
365,reconciled,
366,reconciled,
367,reconciled,
368,reconciled,
369,reconciled,
370,reconciled,
371,reconciled,
372,unreconciled,
373,reconciled,
374,reconciled,
375,reconciled,
376,unreconciled,
377,reconciled,
378,reconciled,
379,unreconciled,
380,reconciled,
381,unreconciled,
382,reconciled,
383,reconciled,
384,reconciled,
385,unreconciled,
386,reconciled,
387,reconciled,
388,reconciled,
389,reconciled,
390,reconciled,
391,reconciled,
392,reconciled,
393,reconciled,
394,reconciled,
395,reconciled,
396,reconciled,
397,reconciled,
398,reconciled,
399,reconciled,
400,reconciled,
